Navn,Køn,Alder,Etnicitet,Uddannelse
Elena Jensen,Kvinde,38,Afrikansk,Bachelor
Yusuf Nielsen,Mand,37,Afrikansk,Erhvervsuddannelse
Yusuf Ali,Mand,21,Afrikansk,Grundskole
Marco Lorenzo,Mand,79,Nordisk,Bachelor
Marie Christensen,Kvinde,64,Nordisk,Erhvervsuddannelse
Ida Lorenzo,Kvinde,57,Mellemøstlig,Grundskole
Mikkel Hansen,Mand,78,Mellemøstlig,Grundskole
Elena Pedersen,Kvinde,54,Afrikansk,Grundskole
Mikkel Ali,Mand,47,Nordisk,Erhvervsuddannelse
Samuel Hassan,Mand,42,Nordisk,Grundskole
Katrine Pedersen,Kvinde,65,Afrikansk,Erhvervsuddannelse
Emil Christensen,Mand,73,Afrikansk,Erhvervsuddannelse
Ali Jensen,Mand,40,Afrikansk,Erhvervsuddannelse
Anders Okafor,Mand,63,Afrikansk,Bachelor
Ali Hansen,Mand,47,Sydeuropæisk,Grundskole
Sofie Hansen,Kvinde,33,Sydeuropæisk,Grundskole
Leila Nielsen,Kvinde,31,Afrikansk,Gymnasial
Lars Lorenzo,Mand,45,Sydeuropæisk,Bachelor
Samuel Mohamed,Mand,18,Nordisk,Gymnasial
Samuel Mohamed,Mand,29,Sydeuropæisk,Bachelor
Sara Hassan,Kvinde,43,Nordisk,Erhvervsuddannelse
Marco Mohamed,Mand,46,Sydeuropæisk,Bachelor
Samuel Nielsen,Mand,61,Nordisk,Bachelor
Elena Mohamed,Kvinde,26,Afrikansk,Erhvervsuddannelse
Jonas Hassan,Mand,64,Afrikansk,Gymnasial
Mikkel Lorenzo,Mand,40,Nordisk,Grundskole
Marie Christensen,Kvinde,44,Sydeuropæisk,Gymnasial
Sofie Christensen,Kvinde,34,Nordisk,Bachelor
Yusuf Hansen,Mand,23,Afrikansk,Erhvervsuddannelse
Anders Okafor,Mand,41,Afrikansk,Gymnasial
Marco Hansen,Mand,64,Sydeuropæisk,Erhvervsuddannelse
Ida Nielsen,Kvinde,56,Afrikansk,Bachelor
Sara Jensen,Kvinde,36,Nordisk,Grundskole
Sofie Hassan,Kvinde,73,Mellemøstlig,Gymnasial
Fatima Lorenzo,Kvinde,49,Afrikansk,Gymnasial
Marie Nielsen,Kvinde,76,Mellemøstlig,Gymnasial
Peter Okafor,Mand,70,Sydeuropæisk,Grundskole
Elena Jensen,Kvinde,73,Afrikansk,Grundskole
Jonas Okafor,Mand,29,Sydeuropæisk,Gymnasial
Mikkel Ali,Mand,57,Nordisk,Erhvervsuddannelse
Sara Hansen,Kvinde,57,Mellemøstlig,Bachelor
Anna Christensen,Kvinde,59,Nordisk,Grundskole
Peter Jensen,Mand,48,Sydeuropæisk,Gymnasial
Anna Nielsen,Kvinde,74,Mellemøstlig,Erhvervsuddannelse
Yusuf Lorenzo,Mand,67,Afrikansk,Gymnasial
Amina Okafor,Kvinde,40,Afrikansk,Erhvervsuddannelse
Lars Hassan,Mand,64,Afrikansk,Erhvervsuddannelse
Emil Nielsen,Mand,73,Mellemøstlig,Bachelor
Emil Ali,Mand,62,Nordisk,Grundskole
Yusuf Nielsen,Mand,59,Afrikansk,Erhvervsuddannelse
Ida Hansen,Kvinde,41,Mellemøstlig,Erhvervsuddannelse
Peter Pedersen,Mand,28,Nordisk,Bachelor
Sofie Lorenzo,Kvinde,38,Nordisk,Bachelor
Sofie Jensen,Kvinde,23,Sydeuropæisk,Erhvervsuddannelse
Mikkel Jensen,Mand,60,Mellemøstlig,Bachelor
Sara Okafor,Kvinde,33,Afrikansk,Gymnasial
Katrine Ali,Kvinde,70,Nordisk,Grundskole
Mikkel Lorenzo,Mand,45,Afrikansk,Grundskole
Yusuf Hansen,Mand,19,Sydeuropæisk,Grundskole
Katrine Pedersen,Kvinde,53,Sydeuropæisk,Erhvervsuddannelse
Peter Mohamed,Mand,18,Mellemøstlig,Gymnasial
Samuel Ali,Mand,55,Nordisk,Erhvervsuddannelse
Ida Hassan,Kvinde,76,Mellemøstlig,Bachelor
Mikkel Hansen,Mand,34,Mellemøstlig,Grundskole
Amina Lorenzo,Kvinde,67,Nordisk,Grundskole
Sara Hassan,Kvinde,43,Sydeuropæisk,Gymnasial
Mikkel Ali,Mand,75,Mellemøstlig,Erhvervsuddannelse
Sofie Hassan,Kvinde,76,Nordisk,Gymnasial
Sara Ali,Kvinde,21,Mellemøstlig,Grundskole
Amina Pedersen,Kvinde,55,Afrikansk,Bachelor
Lars Hassan,Mand,51,Afrikansk,Erhvervsuddannelse
Sofie Mohamed,Kvinde,66,Afrikansk,Gymnasial
Emil Okafor,Mand,72,Mellemøstlig,Erhvervsuddannelse
Katrine Jensen,Kvinde,38,Afrikansk,Gymnasial
Emil Hassan,Mand,48,Afrikansk,Bachelor
Amina Nielsen,Kvinde,63,Nordisk,Bachelor
Elena Jensen,Kvinde,27,Nordisk,Bachelor
Lars Christensen,Mand,25,Mellemøstlig,Grundskole
Fatima Pedersen,Kvinde,78,Nordisk,Gymnasial
Fatima Pedersen,Kvinde,29,Mellemøstlig,Erhvervsuddannelse
Sara Nielsen,Kvinde,65,Afrikansk,Bachelor
Samuel Okafor,Mand,31,Mellemøstlig,Erhvervsuddannelse
Marie Hansen,Kvinde,26,Nordisk,Grundskole
Amina Pedersen,Kvinde,23,Sydeuropæisk,Erhvervsuddannelse
Katrine Mohamed,Kvinde,33,Mellemøstlig,Bachelor
Anders Christensen,Mand,66,Nordisk,Grundskole
Anders Pedersen,Mand,74,Afrikansk,Gymnasial
Sara Okafor,Kvinde,65,Afrikansk,Grundskole
Anna Hansen,Kvinde,75,Sydeuropæisk,Bachelor
Jonas Ali,Mand,45,Afrikansk,Erhvervsuddannelse
Samuel Ali,Mand,54,Sydeuropæisk,Grundskole
Emil Christensen,Mand,44,Mellemøstlig,Grundskole
Emil Mohamed,Mand,56,Mellemøstlig,Gymnasial
Yusuf Hansen,Mand,73,Afrikansk,Erhvervsuddannelse
Emil Hansen,Mand,59,Afrikansk,Bachelor
Sofie Hansen,Kvinde,42,Afrikansk,Grundskole
Ida Jensen,Kvinde,22,Afrikansk,Erhvervsuddannelse
Marco Okafor,Mand,73,Mellemøstlig,Gymnasial
Sofie Hansen,Kvinde,39,Sydeuropæisk,Bachelor
Yusuf Nielsen,Mand,76,Sydeuropæisk,Erhvervsuddannelse
Ali Hassan,Mand,71,Nordisk,Erhvervsuddannelse
Peter Pedersen,Mand,80,Sydeuropæisk,Grundskole
Elena Jensen,Kvinde,22,Nordisk,Bachelor
Peter Mohamed,Mand,69,Nordisk,Erhvervsuddannelse
Jonas Ali,Mand,26,Mellemøstlig,Gymnasial
Jonas Nielsen,Mand,31,Mellemøstlig,Erhvervsuddannelse
Ali Lorenzo,Mand,51,Afrikansk,Gymnasial
Yusuf Hansen,Mand,33,Nordisk,Bachelor
Sara Lorenzo,Kvinde,44,Afrikansk,Gymnasial
Marie Okafor,Kvinde,78,Mellemøstlig,Gymnasial
Ida Pedersen,Kvinde,47,Nordisk,Bachelor
Leila Hassan,Kvinde,38,Mellemøstlig,Grundskole
Yusuf Ali,Mand,65,Nordisk,Gymnasial
Lars Lorenzo,Mand,66,Afrikansk,Erhvervsuddannelse
Mikkel Okafor,Mand,33,Afrikansk,Grundskole
Emil Pedersen,Mand,72,Sydeuropæisk,Erhvervsuddannelse
Elena Jensen,Kvinde,42,Mellemøstlig,Erhvervsuddannelse
Sara Okafor,Kvinde,50,Sydeuropæisk,Bachelor
Ida Lorenzo,Kvinde,22,Mellemøstlig,Bachelor
Peter Mohamed,Mand,60,Nordisk,Grundskole
Sara Lorenzo,Kvinde,24,Nordisk,Gymnasial
Yusuf Nielsen,Mand,61,Mellemøstlig,Gymnasial
Marco Mohamed,Mand,58,Afrikansk,Erhvervsuddannelse
Samuel Ali,Mand,57,Sydeuropæisk,Grundskole
Marie Lorenzo,Kvinde,31,Nordisk,Gymnasial
Mikkel Okafor,Mand,78,Nordisk,Bachelor
Mikkel Lorenzo,Mand,51,Nordisk,Grundskole
Sofie Nielsen,Kvinde,55,Mellemøstlig,Gymnasial
Marco Ali,Mand,75,Sydeuropæisk,Gymnasial
Marie Pedersen,Kvinde,34,Afrikansk,Erhvervsuddannelse
Mikkel Hassan,Mand,25,Mellemøstlig,Grundskole
Anders Okafor,Mand,42,Sydeuropæisk,Erhvervsuddannelse
Marie Hassan,Kvinde,64,Mellemøstlig,Grundskole
Katrine Ali,Kvinde,60,Nordisk,Bachelor
Jonas Pedersen,Mand,32,Nordisk,Erhvervsuddannelse
Sofie Ali,Kvinde,72,Nordisk,Erhvervsuddannelse
Samuel Hansen,Mand,48,Mellemøstlig,Erhvervsuddannelse
Samuel Nielsen,Mand,66,Sydeuropæisk,Gymnasial
Fatima Mohamed,Kvinde,32,Mellemøstlig,Erhvervsuddannelse
Marco Hansen,Mand,57,Sydeuropæisk,Gymnasial
Samuel Ali,Mand,50,Afrikansk,Erhvervsuddannelse
Elena Okafor,Kvinde,78,Nordisk,Erhvervsuddannelse
Samuel Christensen,Mand,26,Mellemøstlig,Bachelor
Fatima Hassan,Kvinde,51,Afrikansk,Grundskole
Marie Mohamed,Kvinde,30,Afrikansk,Grundskole
Katrine Hassan,Kvinde,46,Sydeuropæisk,Gymnasial
Samuel Okafor,Mand,78,Sydeuropæisk,Grundskole
Yusuf Lorenzo,Mand,29,Afrikansk,Grundskole
Sara Okafor,Kvinde,18,Nordisk,Bachelor
Samuel Okafor,Mand,44,Mellemøstlig,Grundskole
Sara Hassan,Kvinde,54,Sydeuropæisk,Gymnasial
Emil Lorenzo,Mand,68,Sydeuropæisk,Erhvervsuddannelse
Samuel Hansen,Mand,33,Afrikansk,Grundskole
Jonas Mohamed,Mand,40,Mellemøstlig,Erhvervsuddannelse
Peter Hassan,Mand,58,Sydeuropæisk,Erhvervsuddannelse
Lars Christensen,Mand,54,Sydeuropæisk,Gymnasial
Jonas Mohamed,Mand,37,Sydeuropæisk,Bachelor
Elena Christensen,Kvinde,68,Afrikansk,Grundskole
Lars Pedersen,Mand,29,Nordisk,Erhvervsuddannelse
Leila Pedersen,Kvinde,19,Afrikansk,Gymnasial
Anders Nielsen,Mand,36,Afrikansk,Bachelor
Katrine Ali,Kvinde,20,Afrikansk,Gymnasial
Jonas Nielsen,Mand,28,Mellemøstlig,Gymnasial
Emil Jensen,Mand,23,Afrikansk,Erhvervsuddannelse
Marco Hansen,Mand,77,Mellemøstlig,Bachelor
Jonas Hassan,Mand,71,Mellemøstlig,Grundskole
Fatima Ali,Kvinde,21,Mellemøstlig,Gymnasial
Sofie Okafor,Kvinde,59,Mellemøstlig,Bachelor
Anna Mohamed,Kvinde,76,Mellemøstlig,Erhvervsuddannelse
Emil Ali,Mand,69,Afrikansk,Bachelor
Sofie Mohamed,Kvinde,77,Sydeuropæisk,Grundskole
Mikkel Hassan,Mand,25,Mellemøstlig,Gymnasial
Emil Hansen,Mand,58,Mellemøstlig,Erhvervsuddannelse
Mikkel Christensen,Mand,72,Nordisk,Gymnasial
Katrine Ali,Kvinde,59,Mellemøstlig,Erhvervsuddannelse
Ali Okafor,Mand,76,Nordisk,Gymnasial
Katrine Hassan,Kvinde,58,Mellemøstlig,Grundskole
Fatima Okafor,Kvinde,63,Sydeuropæisk,Gymnasial
Katrine Lorenzo,Kvinde,49,Afrikansk,Bachelor
Peter Mohamed,Mand,78,Sydeuropæisk,Erhvervsuddannelse
Fatima Nielsen,Kvinde,79,Nordisk,Gymnasial
Ali Lorenzo,Mand,53,Sydeuropæisk,Erhvervsuddannelse
Sara Christensen,Kvinde,78,Sydeuropæisk,Bachelor
Samuel Jensen,Mand,74,Mellemøstlig,Bachelor
Samuel Pedersen,Mand,19,Mellemøstlig,Bachelor
Ida Okafor,Kvinde,46,Nordisk,Gymnasial
Elena Hassan,Kvinde,36,Afrikansk,Bachelor
Samuel Mohamed,Mand,58,Mellemøstlig,Gymnasial
Elena Lorenzo,Kvinde,56,Nordisk,Erhvervsuddannelse
Katrine Nielsen,Kvinde,51,Sydeuropæisk,Bachelor
Anders Jensen,Mand,21,Nordisk,Grundskole
Anna Pedersen,Kvinde,80,Sydeuropæisk,Grundskole
Amina Hansen,Kvinde,40,Mellemøstlig,Bachelor
Lars Christensen,Mand,63,Nordisk,Erhvervsuddannelse
Anders Lorenzo,Mand,67,Mellemøstlig,Grundskole
Amina Ali,Kvinde,68,Mellemøstlig,Erhvervsuddannelse
Yusuf Christensen,Mand,37,Nordisk,Grundskole
Marco Okafor,Mand,77,Mellemøstlig,Gymnasial
Anders Nielsen,Mand,39,Afrikansk,Gymnasial
Sara Lorenzo,Kvinde,25,Nordisk,Gymnasial
Sofie Mohamed,Kvinde,62,Afrikansk,Bachelor
Ida Jensen,Kvinde,44,Sydeuropæisk,Bachelor
Samuel Nielsen,Mand,69,Sydeuropæisk,Gymnasial
Ali Nielsen,Mand,69,Mellemøstlig,Gymnasial
Anna Christensen,Kvinde,31,Sydeuropæisk,Bachelor
Peter Christensen,Mand,39,Afrikansk,Erhvervsuddannelse
Leila Pedersen,Kvinde,33,Mellemøstlig,Erhvervsuddannelse
Yusuf Christensen,Mand,45,Afrikansk,Bachelor
Amina Okafor,Kvinde,18,Sydeuropæisk,Bachelor
Marco Lorenzo,Mand,67,Mellemøstlig,Gymnasial
Fatima Pedersen,Kvinde,36,Nordisk,Erhvervsuddannelse
Mikkel Nielsen,Mand,77,Afrikansk,Bachelor
Anna Hansen,Kvinde,64,Sydeuropæisk,Bachelor
Elena Nielsen,Kvinde,51,Sydeuropæisk,Gymnasial
Fatima Pedersen,Kvinde,80,Nordisk,Grundskole
Ali Ali,Mand,68,Nordisk,Gymnasial
Sara Ali,Kvinde,29,Afrikansk,Gymnasial
Fatima Ali,Kvinde,38,Sydeuropæisk,Bachelor
Jonas Christensen,Mand,45,Mellemøstlig,Erhvervsuddannelse
Jonas Nielsen,Mand,79,Sydeuropæisk,Erhvervsuddannelse
Leila Hassan,Kvinde,56,Sydeuropæisk,Gymnasial
Katrine Hansen,Kvinde,53,Mellemøstlig,Erhvervsuddannelse
Peter Okafor,Mand,32,Mellemøstlig,Gymnasial
Samuel Lorenzo,Mand,75,Nordisk,Bachelor
Emil Mohamed,Mand,46,Afrikansk,Bachelor
Elena Christensen,Kvinde,35,Nordisk,Grundskole
Peter Nielsen,Mand,42,Afrikansk,Gymnasial
Samuel Hansen,Mand,64,Mellemøstlig,Grundskole
Mikkel Hassan,Mand,64,Nordisk,Bachelor
Marco Okafor,Mand,51,Sydeuropæisk,Grundskole
Mikkel Nielsen,Mand,56,Afrikansk,Erhvervsuddannelse
Amina Lorenzo,Kvinde,68,Nordisk,Bachelor
Peter Jensen,Mand,49,Mellemøstlig,Gymnasial
Sara Jensen,Kvinde,37,Sydeuropæisk,Grundskole
Emil Mohamed,Mand,55,Mellemøstlig,Gymnasial
Marco Hassan,Mand,57,Afrikansk,Erhvervsuddannelse
Marie Okafor,Kvinde,56,Nordisk,Grundskole
Marco Christensen,Mand,27,Afrikansk,Bachelor
Jonas Jensen,Mand,66,Afrikansk,Gymnasial
Jonas Hassan,Mand,74,Sydeuropæisk,Erhvervsuddannelse
Peter Ali,Mand,39,Nordisk,Erhvervsuddannelse
Fatima Okafor,Kvinde,59,Nordisk,Grundskole
Anna Jensen,Kvinde,27,Nordisk,Erhvervsuddannelse
Anders Pedersen,Mand,47,Mellemøstlig,Grundskole
Sara Hansen,Kvinde,80,Afrikansk,Bachelor
Jonas Hansen,Mand,45,Afrikansk,Bachelor
Ali Pedersen,Mand,32,Mellemøstlig,Gymnasial
Lars Jensen,Mand,28,Sydeuropæisk,Erhvervsuddannelse
Ali Pedersen,Mand,30,Mellemøstlig,Grundskole
Peter Nielsen,Mand,74,Sydeuropæisk,Erhvervsuddannelse
Ida Hassan,Kvinde,62,Nordisk,Grundskole
Ali Lorenzo,Mand,41,Nordisk,Gymnasial
Samuel Ali,Mand,35,Nordisk,Erhvervsuddannelse
Sofie Mohamed,Kvinde,25,Mellemøstlig,Bachelor
Sofie Hassan,Kvinde,63,Nordisk,Gymnasial
Jonas Hansen,Mand,79,Mellemøstlig,Bachelor
Jonas Mohamed,Mand,69,Afrikansk,Bachelor
Yusuf Hansen,Mand,70,Mellemøstlig,Bachelor
Marco Hansen,Mand,40,Afrikansk,Bachelor
Ida Okafor,Kvinde,50,Nordisk,Gymnasial
Ali Nielsen,Mand,47,Sydeuropæisk,Erhvervsuddannelse
Peter Ali,Mand,60,Mellemøstlig,Bachelor
Peter Jensen,Mand,18,Nordisk,Erhvervsuddannelse
Samuel Nielsen,Mand,18,Afrikansk,Bachelor
Ali Hassan,Mand,43,Sydeuropæisk,Grundskole
Sara Okafor,Kvinde,36,Sydeuropæisk,Erhvervsuddannelse
Peter Pedersen,Mand,26,Nordisk,Grundskole
Anna Nielsen,Kvinde,79,Nordisk,Bachelor
Ali Mohamed,Mand,77,Mellemøstlig,Erhvervsuddannelse
Anna Ali,Kvinde,37,Afrikansk,Erhvervsuddannelse
Samuel Hansen,Mand,32,Afrikansk,Grundskole
Marie Hansen,Kvinde,71,Mellemøstlig,Grundskole
Mikkel Pedersen,Mand,31,Nordisk,Bachelor
Leila Mohamed,Kvinde,47,Sydeuropæisk,Erhvervsuddannelse
Katrine Christensen,Kvinde,18,Nordisk,Bachelor
Anders Lorenzo,Mand,61,Mellemøstlig,Erhvervsuddannelse
Peter Jensen,Mand,29,Mellemøstlig,Grundskole
Ali Nielsen,Mand,50,Mellemøstlig,Grundskole
Elena Pedersen,Kvinde,79,Mellemøstlig,Gymnasial
Sara Jensen,Kvinde,75,Afrikansk,Grundskole
Anna Hassan,Kvinde,24,Sydeuropæisk,Erhvervsuddannelse
Peter Hansen,Mand,28,Mellemøstlig,Gymnasial
Jonas Mohamed,Mand,41,Afrikansk,Gymnasial
Jonas Jensen,Mand,67,Mellemøstlig,Gymnasial
Ida Lorenzo,Kvinde,66,Nordisk,Bachelor
Katrine Mohamed,Kvinde,49,Sydeuropæisk,Grundskole
Yusuf Nielsen,Mand,33,Sydeuropæisk,Erhvervsuddannelse
Leila Nielsen,Kvinde,73,Sydeuropæisk,Erhvervsuddannelse
Lars Okafor,Mand,34,Afrikansk,Erhvervsuddannelse
Anders Hansen,Mand,69,Sydeuropæisk,Erhvervsuddannelse
Marie Ali,Kvinde,51,Nordisk,Gymnasial
Fatima Hansen,Kvinde,70,Afrikansk,Gymnasial
Yusuf Jensen,Mand,48,Sydeuropæisk,Bachelor
Mikkel Mohamed,Mand,19,Mellemøstlig,Bachelor
Amina Nielsen,Kvinde,67,Nordisk,Bachelor
Sofie Hansen,Kvinde,38,Sydeuropæisk,Erhvervsuddannelse
Yusuf Ali,Mand,64,Mellemøstlig,Erhvervsuddannelse
Anders Mohamed,Mand,37,Mellemøstlig,Grundskole
Marco Lorenzo,Mand,47,Sydeuropæisk,Erhvervsuddannelse
Sara Jensen,Kvinde,20,Mellemøstlig,Bachelor
Marco Okafor,Mand,76,Afrikansk,Gymnasial
Leila Okafor,Kvinde,66,Mellemøstlig,Grundskole
Yusuf Hansen,Mand,45,Mellemøstlig,Erhvervsuddannelse
Emil Jensen,Mand,61,Sydeuropæisk,Erhvervsuddannelse
Samuel Lorenzo,Mand,61,Nordisk,Grundskole
Ali Hassan,Mand,25,Afrikansk,Gymnasial
Sofie Pedersen,Kvinde,49,Sydeuropæisk,Erhvervsuddannelse
Anna Okafor,Kvinde,62,Nordisk,Grundskole
Anna Jensen,Kvinde,20,Afrikansk,Bachelor
Emil Ali,Mand,35,Sydeuropæisk,Gymnasial
Sara Ali,Kvinde,73,Afrikansk,Erhvervsuddannelse
Peter Hansen,Mand,23,Afrikansk,Erhvervsuddannelse
Peter Christensen,Mand,74,Afrikansk,Grundskole
Sara Christensen,Kvinde,70,Mellemøstlig,Bachelor
Sofie Lorenzo,Kvinde,56,Sydeuropæisk,Grundskole
Ida Hansen,Kvinde,34,Nordisk,Erhvervsuddannelse
Sofie Jensen,Kvinde,43,Afrikansk,Grundskole
Elena Christensen,Kvinde,33,Sydeuropæisk,Gymnasial
Ali Okafor,Mand,44,Mellemøstlig,Bachelor
Marco Nielsen,Mand,42,Afrikansk,Erhvervsuddannelse
Lars Lorenzo,Mand,74,Nordisk,Erhvervsuddannelse
Lars Pedersen,Mand,35,Afrikansk,Grundskole
Amina Nielsen,Kvinde,76,Sydeuropæisk,Erhvervsuddannelse
Lars Christensen,Mand,75,Afrikansk,Grundskole
Elena Jensen,Kvinde,77,Mellemøstlig,Erhvervsuddannelse
Jonas Christensen,Mand,73,Sydeuropæisk,Gymnasial
Yusuf Mohamed,Mand,46,Nordisk,Gymnasial
Samuel Nielsen,Mand,33,Sydeuropæisk,Gymnasial
Yusuf Pedersen,Mand,31,Nordisk,Bachelor
Peter Nielsen,Mand,65,Afrikansk,Grundskole
Sofie Pedersen,Kvinde,48,Afrikansk,Grundskole
Peter Mohamed,Mand,40,Afrikansk,Bachelor
Marie Nielsen,Kvinde,50,Nordisk,Erhvervsuddannelse
Anders Jensen,Mand,30,Nordisk,Grundskole
Marco Ali,Mand,39,Sydeuropæisk,Grundskole
Peter Ali,Mand,53,Afrikansk,Erhvervsuddannelse
Elena Pedersen,Kvinde,48,Mellemøstlig,Erhvervsuddannelse
Anders Hansen,Mand,20,Nordisk,Grundskole
Peter Mohamed,Mand,35,Nordisk,Erhvervsuddannelse
Mikkel Pedersen,Mand,26,Afrikansk,Gymnasial
Sara Ali,Kvinde,60,Afrikansk,Grundskole
Ali Lorenzo,Mand,33,Afrikansk,Grundskole
Sofie Jensen,Kvinde,35,Mellemøstlig,Erhvervsuddannelse
Fatima Hansen,Kvinde,72,Nordisk,Gymnasial
Elena Christensen,Kvinde,53,Nordisk,Erhvervsuddannelse
Mikkel Hassan,Mand,71,Nordisk,Bachelor
Mikkel Ali,Mand,25,Mellemøstlig,Grundskole
Peter Ali,Mand,30,Afrikansk,Grundskole
Emil Jensen,Mand,66,Nordisk,Erhvervsuddannelse
Ali Okafor,Mand,28,Sydeuropæisk,Erhvervsuddannelse
Peter Hansen,Mand,46,Sydeuropæisk,Gymnasial
Yusuf Lorenzo,Mand,30,Afrikansk,Bachelor
Sara Nielsen,Kvinde,33,Nordisk,Bachelor
Anna Christensen,Kvinde,66,Afrikansk,Erhvervsuddannelse
Samuel Ali,Mand,52,Nordisk,Bachelor
Katrine Christensen,Kvinde,35,Afrikansk,Bachelor
Anna Pedersen,Kvinde,36,Nordisk,Erhvervsuddannelse
Sara Christensen,Kvinde,23,Sydeuropæisk,Bachelor
Elena Mohamed,Kvinde,74,Sydeuropæisk,Bachelor
Anders Ali,Mand,67,Sydeuropæisk,Erhvervsuddannelse
Fatima Ali,Kvinde,26,Mellemøstlig,Gymnasial
Ali Lorenzo,Mand,55,Afrikansk,Grundskole
Katrine Lorenzo,Kvinde,79,Mellemøstlig,Bachelor
Mikkel Jensen,Mand,60,Nordisk,Gymnasial
Emil Hassan,Mand,70,Sydeuropæisk,Gymnasial
Elena Pedersen,Kvinde,54,Mellemøstlig,Erhvervsuddannelse
Jonas Jensen,Mand,19,Nordisk,Erhvervsuddannelse
Emil Ali,Mand,73,Sydeuropæisk,Erhvervsuddannelse
Jonas Pedersen,Mand,80,Nordisk,Gymnasial
Sofie Nielsen,Kvinde,33,Mellemøstlig,Erhvervsuddannelse
Katrine Mohamed,Kvinde,53,Nordisk,Erhvervsuddannelse
Peter Hansen,Mand,21,Nordisk,Bachelor
Marco Hansen,Mand,35,Sydeuropæisk,Grundskole
Yusuf Pedersen,Mand,80,Nordisk,Bachelor
Sofie Pedersen,Kvinde,37,Nordisk,Bachelor
Emil Hassan,Mand,21,Afrikansk,Gymnasial
Amina Ali,Kvinde,20,Mellemøstlig,Gymnasial
Anders Hansen,Mand,39,Nordisk,Bachelor
Marie Lorenzo,Kvinde,32,Nordisk,Erhvervsuddannelse
Katrine Christensen,Kvinde,18,Sydeuropæisk,Gymnasial
Samuel Jensen,Mand,34,Sydeuropæisk,Grundskole
Lars Pedersen,Mand,29,Mellemøstlig,Grundskole
Peter Lorenzo,Mand,30,Nordisk,Erhvervsuddannelse
Anna Mohamed,Kvinde,48,Nordisk,Bachelor
Peter Okafor,Mand,22,Afrikansk,Gymnasial
Yusuf Ali,Mand,60,Nordisk,Grundskole
Katrine Hansen,Kvinde,59,Nordisk,Bachelor
Sofie Lorenzo,Kvinde,41,Nordisk,Grundskole
Yusuf Lorenzo,Mand,20,Sydeuropæisk,Grundskole
Ida Ali,Kvinde,25,Afrikansk,Grundskole
Anders Lorenzo,Mand,24,Afrikansk,Grundskole
Emil Pedersen,Mand,55,Afrikansk,Bachelor
Yusuf Nielsen,Mand,45,Afrikansk,Bachelor
Marco Jensen,Mand,57,Afrikansk,Erhvervsuddannelse
Jonas Lorenzo,Mand,71,Mellemøstlig,Grundskole
Ali Lorenzo,Mand,73,Mellemøstlig,Grundskole
Sofie Pedersen,Kvinde,80,Afrikansk,Gymnasial
Samuel Nielsen,Mand,67,Mellemøstlig,Bachelor
Amina Hassan,Kvinde,22,Sydeuropæisk,Grundskole
Ali Ali,Mand,57,Afrikansk,Grundskole
Sara Ali,Kvinde,21,Nordisk,Gymnasial
Yusuf Hansen,Mand,75,Sydeuropæisk,Grundskole
Marco Pedersen,Mand,66,Mellemøstlig,Bachelor
Yusuf Mohamed,Mand,25,Afrikansk,Gymnasial
Yusuf Nielsen,Mand,53,Sydeuropæisk,Bachelor
Sofie Christensen,Kvinde,23,Sydeuropæisk,Bachelor
Leila Nielsen,Kvinde,19,Sydeuropæisk,Gymnasial
Yusuf Hassan,Mand,54,Mellemøstlig,Grundskole
Marco Christensen,Mand,44,Nordisk,Grundskole
Ali Pedersen,Mand,79,Nordisk,Gymnasial
Amina Nielsen,Kvinde,63,Nordisk,Gymnasial
Jonas Okafor,Mand,20,Sydeuropæisk,Gymnasial
Ali Mohamed,Mand,28,Nordisk,Bachelor
Yusuf Lorenzo,Mand,25,Afrikansk,Gymnasial
Marie Jensen,Kvinde,60,Afrikansk,Grundskole
Mikkel Lorenzo,Mand,44,Mellemøstlig,Erhvervsuddannelse
Jonas Christensen,Mand,74,Nordisk,Erhvervsuddannelse
Leila Hassan,Kvinde,37,Sydeuropæisk,Erhvervsuddannelse
Ida Jensen,Kvinde,56,Mellemøstlig,Grundskole
Marie Hassan,Kvinde,40,Sydeuropæisk,Gymnasial
Leila Nielsen,Kvinde,47,Afrikansk,Grundskole
Marco Lorenzo,Mand,51,Sydeuropæisk,Bachelor
Jonas Nielsen,Mand,28,Afrikansk,Erhvervsuddannelse
Marie Jensen,Kvinde,63,Nordisk,Gymnasial
Sara Ali,Kvinde,46,Nordisk,Erhvervsuddannelse
Anna Pedersen,Kvinde,32,Afrikansk,Bachelor
Leila Lorenzo,Kvinde,43,Nordisk,Erhvervsuddannelse
Lars Nielsen,Mand,79,Nordisk,Bachelor
Leila Hansen,Kvinde,25,Afrikansk,Bachelor
Sofie Jensen,Kvinde,27,Sydeuropæisk,Erhvervsuddannelse
Marie Hansen,Kvinde,72,Mellemøstlig,Bachelor
Jonas Christensen,Mand,56,Afrikansk,Gymnasial
Fatima Christensen,Kvinde,74,Afrikansk,Erhvervsuddannelse
Anna Lorenzo,Kvinde,27,Sydeuropæisk,Bachelor
Yusuf Nielsen,Mand,32,Nordisk,Grundskole
Yusuf Hansen,Mand,77,Nordisk,Erhvervsuddannelse
Marco Lorenzo,Mand,57,Mellemøstlig,Gymnasial
Ali Nielsen,Mand,65,Afrikansk,Grundskole
Katrine Hassan,Kvinde,25,Nordisk,Erhvervsuddannelse
Ida Lorenzo,Kvinde,29,Afrikansk,Erhvervsuddannelse
Anna Jensen,Kvinde,74,Sydeuropæisk,Erhvervsuddannelse
Ida Mohamed,Kvinde,59,Sydeuropæisk,Bachelor
Sara Nielsen,Kvinde,79,Sydeuropæisk,Gymnasial
Anders Okafor,Mand,26,Mellemøstlig,Grundskole
Anna Nielsen,Kvinde,62,Mellemøstlig,Bachelor
Anders Pedersen,Mand,42,Nordisk,Bachelor
Elena Okafor,Kvinde,80,Afrikansk,Gymnasial
Elena Christensen,Kvinde,62,Afrikansk,Erhvervsuddannelse
Fatima Hansen,Kvinde,40,Mellemøstlig,Gymnasial
Anna Hassan,Kvinde,25,Nordisk,Gymnasial
Samuel Jensen,Mand,67,Sydeuropæisk,Gymnasial
Marie Jensen,Kvinde,72,Afrikansk,Grundskole
Ida Hansen,Kvinde,58,Sydeuropæisk,Erhvervsuddannelse
Sofie Lorenzo,Kvinde,38,Nordisk,Grundskole
Ida Jensen,Kvinde,44,Nordisk,Bachelor
Anna Lorenzo,Kvinde,54,Sydeuropæisk,Grundskole
Marie Nielsen,Kvinde,51,Nordisk,Bachelor
Jonas Jensen,Mand,28,Mellemøstlig,Gymnasial
Ali Jensen,Mand,25,Sydeuropæisk,Erhvervsuddannelse
Jonas Christensen,Mand,73,Mellemøstlig,Erhvervsuddannelse
Yusuf Mohamed,Mand,34,Mellemøstlig,Erhvervsuddannelse
Emil Hansen,Mand,44,Nordisk,Gymnasial
Fatima Okafor,Kvinde,37,Mellemøstlig,Gymnasial
Emil Ali,Mand,62,Mellemøstlig,Bachelor
Marco Nielsen,Mand,61,Afrikansk,Bachelor
Sara Christensen,Kvinde,80,Nordisk,Erhvervsuddannelse
Marco Mohamed,Mand,18,Mellemøstlig,Gymnasial
Leila Nielsen,Kvinde,69,Sydeuropæisk,Bachelor
Yusuf Hassan,Mand,29,Mellemøstlig,Grundskole
Amina Hassan,Kvinde,63,Nordisk,Grundskole
Anders Ali,Mand,33,Sydeuropæisk,Bachelor
Fatima Nielsen,Kvinde,72,Afrikansk,Bachelor
Amina Okafor,Kvinde,37,Mellemøstlig,Bachelor
Marco Ali,Mand,52,Nordisk,Gymnasial
Lars Ali,Mand,20,Afrikansk,Bachelor
Ali Hansen,Mand,76,Sydeuropæisk,Erhvervsuddannelse
Elena Okafor,Kvinde,18,Mellemøstlig,Gymnasial
Anna Ali,Kvinde,40,Mellemøstlig,Erhvervsuddannelse
Sara Nielsen,Kvinde,66,Nordisk,Erhvervsuddannelse
Katrine Mohamed,Kvinde,21,Afrikansk,Bachelor
Anders Nielsen,Mand,53,Nordisk,Grundskole
Marco Lorenzo,Mand,42,Afrikansk,Gymnasial
Mikkel Hassan,Mand,45,Mellemøstlig,Erhvervsuddannelse
Katrine Ali,Kvinde,31,Nordisk,Gymnasial
Amina Hassan,Kvinde,53,Mellemøstlig,Gymnasial
Katrine Mohamed,Kvinde,26,Nordisk,Bachelor
Sara Mohamed,Kvinde,49,Mellemøstlig,Grundskole
Elena Jensen,Kvinde,48,Sydeuropæisk,Erhvervsuddannelse
Anna Ali,Kvinde,80,Nordisk,Gymnasial
Elena Nielsen,Kvinde,33,Mellemøstlig,Erhvervsuddannelse
Jonas Hansen,Mand,70,Mellemøstlig,Bachelor
Marco Nielsen,Mand,66,Afrikansk,Erhvervsuddannelse
Anders Hassan,Mand,46,Mellemøstlig,Bachelor
Emil Hansen,Mand,76,Mellemøstlig,Erhvervsuddannelse
Sara Christensen,Kvinde,73,Afrikansk,Bachelor
Anders Okafor,Mand,23,Afrikansk,Bachelor
Yusuf Christensen,Mand,58,Mellemøstlig,Grundskole
Fatima Okafor,Kvinde,49,Nordisk,Grundskole
Sofie Ali,Kvinde,33,Mellemøstlig,Bachelor
Amina Hassan,Kvinde,53,Sydeuropæisk,Gymnasial
Leila Jensen,Kvinde,55,Mellemøstlig,Erhvervsuddannelse
Marie Nielsen,Kvinde,80,Nordisk,Grundskole
Fatima Lorenzo,Kvinde,20,Afrikansk,Gymnasial
Lars Christensen,Mand,76,Sydeuropæisk,Erhvervsuddannelse
Sofie Nielsen,Kvinde,30,Sydeuropæisk,Bachelor
Yusuf Ali,Mand,71,Afrikansk,Gymnasial
Emil Pedersen,Mand,29,Mellemøstlig,Bachelor
Mikkel Nielsen,Mand,80,Nordisk,Grundskole
Emil Nielsen,Mand,71,Mellemøstlig,Gymnasial
Lars Mohamed,Mand,53,Afrikansk,Erhvervsuddannelse
Mikkel Hansen,Mand,24,Afrikansk,Grundskole
Fatima Lorenzo,Kvinde,21,Afrikansk,Gymnasial
Yusuf Ali,Mand,74,Nordisk,Gymnasial
Emil Nielsen,Mand,48,Sydeuropæisk,Grundskole
Samuel Ali,Mand,69,Sydeuropæisk,Gymnasial
Sara Jensen,Kvinde,21,Sydeuropæisk,Erhvervsuddannelse
Katrine Lorenzo,Kvinde,29,Mellemøstlig,Erhvervsuddannelse
Marco Jensen,Mand,48,Afrikansk,Gymnasial
Yusuf Ali,Mand,74,Afrikansk,Grundskole
Sara Christensen,Kvinde,62,Sydeuropæisk,Grundskole
Lars Nielsen,Mand,54,Sydeuropæisk,Erhvervsuddannelse
Samuel Hassan,Mand,65,Afrikansk,Gymnasial
Amina Hassan,Kvinde,35,Nordisk,Erhvervsuddannelse
Katrine Hassan,Kvinde,22,Sydeuropæisk,Gymnasial
Katrine Lorenzo,Kvinde,47,Nordisk,Erhvervsuddannelse
Sara Pedersen,Kvinde,79,Sydeuropæisk,Grundskole
Marie Lorenzo,Kvinde,39,Nordisk,Erhvervsuddannelse
Mikkel Jensen,Mand,67,Sydeuropæisk,Gymnasial
Ali Hansen,Mand,52,Afrikansk,Bachelor
Leila Christensen,Kvinde,66,Nordisk,Gymnasial
Peter Mohamed,Mand,26,Mellemøstlig,Bachelor
Samuel Ali,Mand,46,Mellemøstlig,Erhvervsuddannelse
Samuel Okafor,Mand,77,Nordisk,Grundskole
Elena Okafor,Kvinde,31,Sydeuropæisk,Grundskole
Sofie Nielsen,Kvinde,33,Sydeuropæisk,Erhvervsuddannelse
Yusuf Ali,Mand,77,Mellemøstlig,Erhvervsuddannelse
Lars Lorenzo,Mand,65,Nordisk,Erhvervsuddannelse
Katrine Ali,Kvinde,21,Nordisk,Bachelor
Amina Pedersen,Kvinde,55,Afrikansk,Erhvervsuddannelse
Mikkel Mohamed,Mand,70,Mellemøstlig,Erhvervsuddannelse
Yusuf Jensen,Mand,27,Nordisk,Erhvervsuddannelse
Sofie Lorenzo,Kvinde,22,Afrikansk,Gymnasial
Fatima Christensen,Kvinde,22,Afrikansk,Bachelor
Sara Lorenzo,Kvinde,25,Nordisk,Erhvervsuddannelse
Marco Jensen,Mand,51,Nordisk,Gymnasial
Lars Jensen,Mand,69,Sydeuropæisk,Grundskole
Peter Mohamed,Mand,19,Sydeuropæisk,Grundskole
Emil Hansen,Mand,47,Afrikansk,Grundskole
Sara Jensen,Kvinde,49,Afrikansk,Bachelor
Elena Hansen,Kvinde,46,Mellemøstlig,Erhvervsuddannelse
Marie Jensen,Kvinde,48,Nordisk,Gymnasial
Mikkel Hassan,Mand,70,Sydeuropæisk,Grundskole
Samuel Okafor,Mand,30,Afrikansk,Gymnasial
Emil Mohamed,Mand,34,Nordisk,Erhvervsuddannelse
Leila Okafor,Kvinde,71,Sydeuropæisk,Gymnasial
Leila Ali,Kvinde,45,Nordisk,Bachelor
Leila Christensen,Kvinde,51,Sydeuropæisk,Gymnasial
Marco Hassan,Mand,47,Sydeuropæisk,Gymnasial
Fatima Christensen,Kvinde,23,Afrikansk,Bachelor
Marie Okafor,Kvinde,38,Nordisk,Gymnasial
Katrine Jensen,Kvinde,23,Mellemøstlig,Grundskole
Marie Christensen,Kvinde,18,Mellemøstlig,Bachelor
Anna Nielsen,Kvinde,79,Afrikansk,Gymnasial
Mikkel Mohamed,Mand,36,Mellemøstlig,Gymnasial
Yusuf Pedersen,Mand,71,Afrikansk,Grundskole
Marco Pedersen,Mand,27,Afrikansk,Grundskole
Amina Lorenzo,Kvinde,76,Nordisk,Bachelor
Yusuf Hansen,Mand,68,Afrikansk,Erhvervsuddannelse
Anna Lorenzo,Kvinde,50,Afrikansk,Gymnasial
Ali Hassan,Mand,44,Mellemøstlig,Erhvervsuddannelse
Anna Pedersen,Kvinde,74,Mellemøstlig,Bachelor
Ida Hassan,Kvinde,46,Nordisk,Erhvervsuddannelse
Sara Hansen,Kvinde,59,Mellemøstlig,Grundskole
Ida Hassan,Kvinde,29,Nordisk,Gymnasial
Lars Lorenzo,Mand,49,Nordisk,Gymnasial
Sofie Jensen,Kvinde,41,Nordisk,Erhvervsuddannelse
Lars Christensen,Mand,19,Sydeuropæisk,Gymnasial
Ida Christensen,Kvinde,37,Mellemøstlig,Grundskole
Lars Lorenzo,Mand,38,Afrikansk,Grundskole
Elena Christensen,Kvinde,68,Mellemøstlig,Bachelor
Elena Hansen,Kvinde,41,Sydeuropæisk,Gymnasial
Yusuf Jensen,Mand,60,Nordisk,Bachelor
Jonas Lorenzo,Mand,24,Afrikansk,Erhvervsuddannelse
Sara Christensen,Kvinde,31,Mellemøstlig,Grundskole
Marco Pedersen,Mand,80,Sydeuropæisk,Grundskole
Elena Lorenzo,Kvinde,76,Nordisk,Erhvervsuddannelse
Sara Lorenzo,Kvinde,28,Afrikansk,Grundskole
Emil Jensen,Mand,57,Afrikansk,Gymnasial
Lars Okafor,Mand,64,Sydeuropæisk,Bachelor
Emil Lorenzo,Mand,61,Nordisk,Grundskole
Leila Jensen,Kvinde,19,Nordisk,Bachelor
Jonas Ali,Mand,25,Afrikansk,Erhvervsuddannelse
Ali Hansen,Mand,76,Afrikansk,Grundskole
Amina Hansen,Kvinde,74,Sydeuropæisk,Grundskole
Marco Pedersen,Mand,70,Afrikansk,Bachelor
Ida Nielsen,Kvinde,54,Afrikansk,Grundskole
Marco Hansen,Mand,38,Mellemøstlig,Bachelor
Marie Pedersen,Kvinde,62,Afrikansk,Erhvervsuddannelse
Yusuf Hassan,Mand,75,Afrikansk,Bachelor
Emil Okafor,Mand,59,Nordisk,Erhvervsuddannelse
Jonas Okafor,Mand,69,Nordisk,Grundskole
Emil Christensen,Mand,22,Afrikansk,Gymnasial
Marie Jensen,Kvinde,45,Afrikansk,Gymnasial
Jonas Ali,Mand,50,Nordisk,Erhvervsuddannelse
Ida Ali,Kvinde,66,Mellemøstlig,Erhvervsuddannelse
Ida Okafor,Kvinde,46,Mellemøstlig,Grundskole
Anna Hansen,Kvinde,38,Sydeuropæisk,Erhvervsuddannelse
Sofie Ali,Kvinde,45,Sydeuropæisk,Gymnasial
Mikkel Lorenzo,Mand,22,Sydeuropæisk,Bachelor
Jonas Nielsen,Mand,51,Sydeuropæisk,Bachelor
Katrine Christensen,Kvinde,35,Sydeuropæisk,Bachelor
Ali Lorenzo,Mand,26,Sydeuropæisk,Gymnasial
Sara Mohamed,Kvinde,45,Sydeuropæisk,Grundskole
Marco Okafor,Mand,55,Nordisk,Gymnasial
Peter Pedersen,Mand,26,Nordisk,Erhvervsuddannelse
Marie Mohamed,Kvinde,34,Nordisk,Gymnasial
Ali Hansen,Mand,20,Sydeuropæisk,Bachelor
Amina Jensen,Kvinde,72,Mellemøstlig,Grundskole
Mikkel Hassan,Mand,34,Mellemøstlig,Erhvervsuddannelse
Marie Jensen,Kvinde,58,Mellemøstlig,Gymnasial
Lars Ali,Mand,80,Sydeuropæisk,Erhvervsuddannelse
Ali Okafor,Mand,22,Nordisk,Gymnasial
Elena Pedersen,Kvinde,80,Mellemøstlig,Grundskole
Emil Ali,Mand,35,Nordisk,Erhvervsuddannelse
Emil Lorenzo,Mand,32,Nordisk,Erhvervsuddannelse
Leila Jensen,Kvinde,61,Afrikansk,Erhvervsuddannelse
Lars Christensen,Mand,44,Mellemøstlig,Gymnasial
Elena Okafor,Kvinde,51,Afrikansk,Bachelor
Marco Pedersen,Mand,67,Afrikansk,Grundskole
Lars Jensen,Mand,55,Mellemøstlig,Bachelor
Mikkel Lorenzo,Mand,44,Sydeuropæisk,Bachelor
Sofie Lorenzo,Kvinde,20,Mellemøstlig,Gymnasial
Elena Jensen,Kvinde,59,Nordisk,Gymnasial
Ali Hassan,Mand,38,Nordisk,Erhvervsuddannelse
Marie Mohamed,Kvinde,31,Mellemøstlig,Erhvervsuddannelse
Jonas Jensen,Mand,78,Nordisk,Gymnasial
Katrine Christensen,Kvinde,25,Nordisk,Bachelor
Marco Mohamed,Mand,50,Sydeuropæisk,Gymnasial
Marco Ali,Mand,36,Mellemøstlig,Bachelor
Lars Hassan,Mand,65,Sydeuropæisk,Bachelor
Fatima Hansen,Kvinde,67,Afrikansk,Bachelor
Leila Jensen,Kvinde,20,Mellemøstlig,Grundskole
Fatima Okafor,Kvinde,45,Afrikansk,Erhvervsuddannelse
Yusuf Hassan,Mand,31,Sydeuropæisk,Bachelor
Sofie Jensen,Kvinde,54,Nordisk,Gymnasial
Samuel Hansen,Mand,44,Nordisk,Erhvervsuddannelse
Anna Hansen,Kvinde,65,Sydeuropæisk,Gymnasial
Yusuf Pedersen,Mand,42,Afrikansk,Erhvervsuddannelse
Fatima Christensen,Kvinde,25,Sydeuropæisk,Gymnasial
Samuel Mohamed,Mand,72,Afrikansk,Erhvervsuddannelse
Katrine Mohamed,Kvinde,47,Nordisk,Grundskole
Sara Ali,Kvinde,39,Mellemøstlig,Erhvervsuddannelse
Lars Hassan,Mand,55,Afrikansk,Grundskole
Fatima Lorenzo,Kvinde,71,Mellemøstlig,Bachelor
Emil Christensen,Mand,37,Nordisk,Grundskole
Anders Ali,Mand,26,Sydeuropæisk,Grundskole
Lars Hansen,Mand,24,Afrikansk,Bachelor
Marco Pedersen,Mand,21,Mellemøstlig,Erhvervsuddannelse
Anders Hansen,Mand,36,Nordisk,Grundskole
Elena Ali,Kvinde,47,Nordisk,Erhvervsuddannelse
Yusuf Ali,Mand,73,Mellemøstlig,Gymnasial
Anders Nielsen,Mand,58,Afrikansk,Grundskole
Lars Okafor,Mand,49,Nordisk,Erhvervsuddannelse
Ali Lorenzo,Mand,56,Nordisk,Gymnasial
Lars Pedersen,Mand,41,Mellemøstlig,Grundskole
Ali Pedersen,Mand,55,Sydeuropæisk,Bachelor
Mikkel Lorenzo,Mand,46,Sydeuropæisk,Grundskole
Jonas Jensen,Mand,18,Mellemøstlig,Grundskole
Mikkel Nielsen,Mand,71,Sydeuropæisk,Grundskole
Katrine Hansen,Kvinde,51,Afrikansk,Bachelor
Samuel Hansen,Mand,47,Afrikansk,Gymnasial
Fatima Hansen,Kvinde,55,Nordisk,Grundskole
Lars Hansen,Mand,73,Sydeuropæisk,Gymnasial
Yusuf Hansen,Mand,63,Mellemøstlig,Erhvervsuddannelse
Anna Pedersen,Kvinde,37,Mellemøstlig,Bachelor
Peter Lorenzo,Mand,26,Mellemøstlig,Erhvervsuddannelse
Marco Ali,Mand,79,Afrikansk,Grundskole
Amina Okafor,Kvinde,60,Mellemøstlig,Erhvervsuddannelse
Samuel Christensen,Mand,23,Sydeuropæisk,Bachelor
Samuel Pedersen,Mand,59,Nordisk,Erhvervsuddannelse
Lars Christensen,Mand,21,Mellemøstlig,Gymnasial
Marco Christensen,Mand,34,Nordisk,Erhvervsuddannelse
Marie Lorenzo,Kvinde,55,Afrikansk,Bachelor
Peter Hansen,Mand,51,Sydeuropæisk,Gymnasial
Peter Jensen,Mand,30,Sydeuropæisk,Erhvervsuddannelse
Ida Hansen,Kvinde,79,Afrikansk,Erhvervsuddannelse
Mikkel Pedersen,Mand,46,Afrikansk,Grundskole
Elena Ali,Kvinde,37,Afrikansk,Erhvervsuddannelse
Leila Christensen,Kvinde,26,Sydeuropæisk,Gymnasial
Samuel Hansen,Mand,80,Sydeuropæisk,Bachelor
Anders Lorenzo,Mand,57,Afrikansk,Erhvervsuddannelse
Anna Ali,Kvinde,44,Sydeuropæisk,Gymnasial
Amina Jensen,Kvinde,60,Nordisk,Gymnasial
Peter Okafor,Mand,66,Sydeuropæisk,Bachelor
Lars Jensen,Mand,36,Afrikansk,Bachelor
Mikkel Hassan,Mand,48,Nordisk,Bachelor
Katrine Ali,Kvinde,63,Nordisk,Erhvervsuddannelse
Sara Lorenzo,Kvinde,75,Afrikansk,Bachelor
Elena Okafor,Kvinde,55,Nordisk,Erhvervsuddannelse
Yusuf Pedersen,Mand,49,Sydeuropæisk,Erhvervsuddannelse
Marco Ali,Mand,35,Sydeuropæisk,Bachelor
Sofie Hassan,Kvinde,55,Mellemøstlig,Erhvervsuddannelse
Peter Jensen,Mand,68,Sydeuropæisk,Gymnasial
Jonas Okafor,Mand,25,Afrikansk,Gymnasial
Samuel Hansen,Mand,34,Mellemøstlig,Grundskole
Leila Mohamed,Kvinde,45,Sydeuropæisk,Bachelor
Fatima Okafor,Kvinde,20,Afrikansk,Bachelor
Katrine Nielsen,Kvinde,22,Afrikansk,Bachelor
Katrine Hansen,Kvinde,72,Nordisk,Grundskole
Leila Nielsen,Kvinde,80,Afrikansk,Grundskole
Amina Okafor,Kvinde,32,Nordisk,Grundskole
Lars Okafor,Mand,31,Afrikansk,Bachelor
Peter Christensen,Mand,18,Nordisk,Erhvervsuddannelse
Lars Ali,Mand,54,Mellemøstlig,Erhvervsuddannelse
Jonas Okafor,Mand,58,Mellemøstlig,Erhvervsuddannelse
Marco Pedersen,Mand,49,Nordisk,Grundskole
Amina Ali,Kvinde,31,Afrikansk,Erhvervsuddannelse
Yusuf Mohamed,Mand,60,Nordisk,Gymnasial
Lars Nielsen,Mand,47,Nordisk,Gymnasial
Leila Christensen,Kvinde,37,Afrikansk,Erhvervsuddannelse
Amina Nielsen,Kvinde,55,Mellemøstlig,Erhvervsuddannelse
Emil Okafor,Mand,31,Nordisk,Grundskole
Peter Okafor,Mand,79,Sydeuropæisk,Grundskole
Marie Hansen,Kvinde,26,Sydeuropæisk,Bachelor
Samuel Ali,Mand,46,Sydeuropæisk,Gymnasial
Amina Nielsen,Kvinde,39,Mellemøstlig,Gymnasial
Ali Pedersen,Mand,39,Nordisk,Grundskole
Mikkel Hassan,Mand,31,Sydeuropæisk,Gymnasial
Samuel Okafor,Mand,38,Sydeuropæisk,Bachelor
Amina Ali,Kvinde,68,Nordisk,Gymnasial
Anders Mohamed,Mand,69,Nordisk,Bachelor
Peter Hansen,Mand,23,Mellemøstlig,Grundskole
Lars Hassan,Mand,36,Mellemøstlig,Erhvervsuddannelse
Lars Lorenzo,Mand,46,Nordisk,Gymnasial
Leila Hansen,Kvinde,78,Afrikansk,Bachelor
Lars Lorenzo,Mand,78,Afrikansk,Grundskole
Jonas Pedersen,Mand,49,Afrikansk,Gymnasial
Samuel Pedersen,Mand,70,Mellemøstlig,Grundskole
Emil Hassan,Mand,80,Mellemøstlig,Erhvervsuddannelse
Peter Hansen,Mand,44,Afrikansk,Erhvervsuddannelse
Katrine Okafor,Kvinde,56,Sydeuropæisk,Grundskole
Anna Ali,Kvinde,40,Nordisk,Bachelor
Katrine Christensen,Kvinde,35,Sydeuropæisk,Bachelor
Ida Mohamed,Kvinde,66,Sydeuropæisk,Gymnasial
Sara Mohamed,Kvinde,63,Afrikansk,Erhvervsuddannelse
Marco Hassan,Mand,40,Sydeuropæisk,Erhvervsuddannelse
Emil Christensen,Mand,61,Mellemøstlig,Gymnasial
Sofie Ali,Kvinde,42,Nordisk,Erhvervsuddannelse
Samuel Nielsen,Mand,18,Sydeuropæisk,Erhvervsuddannelse
Sara Lorenzo,Kvinde,28,Nordisk,Grundskole
Leila Okafor,Kvinde,54,Sydeuropæisk,Bachelor
Jonas Pedersen,Mand,61,Afrikansk,Gymnasial
Peter Hassan,Mand,45,Mellemøstlig,Erhvervsuddannelse
Mikkel Hassan,Mand,79,Mellemøstlig,Grundskole
Peter Jensen,Mand,49,Mellemøstlig,Erhvervsuddannelse
Marie Hassan,Kvinde,78,Mellemøstlig,Bachelor
Sara Ali,Kvinde,39,Mellemøstlig,Grundskole
Peter Christensen,Mand,39,Mellemøstlig,Gymnasial
Anders Okafor,Mand,77,Afrikansk,Gymnasial
Amina Mohamed,Kvinde,72,Sydeuropæisk,Gymnasial
Ali Jensen,Mand,67,Sydeuropæisk,Bachelor
Elena Pedersen,Kvinde,69,Afrikansk,Grundskole
Leila Okafor,Kvinde,64,Nordisk,Erhvervsuddannelse
Ida Mohamed,Kvinde,49,Sydeuropæisk,Bachelor
Jonas Christensen,Mand,55,Afrikansk,Bachelor
Anna Lorenzo,Kvinde,72,Nordisk,Bachelor
Lars Christensen,Mand,55,Sydeuropæisk,Erhvervsuddannelse
Jonas Christensen,Mand,50,Nordisk,Bachelor
Peter Jensen,Mand,52,Mellemøstlig,Grundskole
Marie Ali,Kvinde,45,Nordisk,Erhvervsuddannelse
Emil Lorenzo,Mand,73,Mellemøstlig,Bachelor
Lars Jensen,Mand,55,Afrikansk,Grundskole
Marco Hansen,Mand,38,Sydeuropæisk,Grundskole
Peter Hassan,Mand,71,Nordisk,Erhvervsuddannelse
Marco Mohamed,Mand,31,Afrikansk,Bachelor
Lars Nielsen,Mand,22,Nordisk,Grundskole
Marco Ali,Mand,32,Mellemøstlig,Grundskole
Ida Ali,Kvinde,78,Nordisk,Erhvervsuddannelse
Ida Nielsen,Kvinde,19,Sydeuropæisk,Bachelor
Peter Nielsen,Mand,32,Afrikansk,Erhvervsuddannelse
Marie Christensen,Kvinde,57,Mellemøstlig,Grundskole
Mikkel Okafor,Mand,53,Nordisk,Erhvervsuddannelse
Samuel Jensen,Mand,30,Sydeuropæisk,Grundskole
Katrine Jensen,Kvinde,44,Nordisk,Bachelor
Jonas Jensen,Mand,57,Mellemøstlig,Bachelor
Lars Jensen,Mand,57,Nordisk,Bachelor
Jonas Christensen,Mand,72,Afrikansk,Grundskole
Lars Christensen,Mand,38,Sydeuropæisk,Grundskole
Ida Lorenzo,Kvinde,23,Mellemøstlig,Erhvervsuddannelse
Lars Lorenzo,Mand,76,Sydeuropæisk,Erhvervsuddannelse
Marco Mohamed,Mand,60,Mellemøstlig,Gymnasial
Marie Ali,Kvinde,56,Afrikansk,Bachelor
Jonas Jensen,Mand,70,Nordisk,Grundskole
Ida Nielsen,Kvinde,80,Nordisk,Gymnasial
Ida Mohamed,Kvinde,74,Sydeuropæisk,Grundskole
Elena Nielsen,Kvinde,31,Mellemøstlig,Grundskole
Sofie Hansen,Kvinde,27,Afrikansk,Bachelor
Marco Hansen,Mand,66,Nordisk,Erhvervsuddannelse
Fatima Jensen,Kvinde,25,Afrikansk,Erhvervsuddannelse
Fatima Pedersen,Kvinde,37,Nordisk,Grundskole
Katrine Pedersen,Kvinde,18,Afrikansk,Grundskole
Leila Okafor,Kvinde,51,Afrikansk,Bachelor
Marco Lorenzo,Mand,63,Mellemøstlig,Erhvervsuddannelse
Leila Ali,Kvinde,28,Afrikansk,Gymnasial
Sofie Ali,Kvinde,75,Mellemøstlig,Bachelor
Ali Pedersen,Mand,69,Afrikansk,Bachelor
Leila Christensen,Kvinde,25,Afrikansk,Erhvervsuddannelse
Amina Mohamed,Kvinde,40,Sydeuropæisk,Gymnasial
Anna Hansen,Kvinde,23,Nordisk,Erhvervsuddannelse
Anna Mohamed,Kvinde,80,Sydeuropæisk,Erhvervsuddannelse
Amina Jensen,Kvinde,31,Nordisk,Erhvervsuddannelse
Ali Nielsen,Mand,62,Mellemøstlig,Bachelor
Emil Lorenzo,Mand,37,Mellemøstlig,Gymnasial
Leila Hansen,Kvinde,32,Mellemøstlig,Erhvervsuddannelse
Amina Hassan,Kvinde,26,Sydeuropæisk,Grundskole
Jonas Ali,Mand,70,Mellemøstlig,Erhvervsuddannelse
Emil Hansen,Mand,23,Mellemøstlig,Bachelor
Sofie Hansen,Kvinde,36,Afrikansk,Bachelor
Yusuf Okafor,Mand,77,Mellemøstlig,Bachelor
Leila Christensen,Kvinde,76,Sydeuropæisk,Bachelor
Sara Pedersen,Kvinde,59,Afrikansk,Gymnasial
Jonas Lorenzo,Mand,43,Nordisk,Gymnasial
Fatima Ali,Kvinde,53,Mellemøstlig,Gymnasial
Katrine Pedersen,Kvinde,68,Sydeuropæisk,Bachelor
Ida Lorenzo,Kvinde,23,Sydeuropæisk,Gymnasial
Jonas Lorenzo,Mand,58,Afrikansk,Erhvervsuddannelse
Ali Christensen,Mand,25,Nordisk,Grundskole
Jonas Hassan,Mand,40,Mellemøstlig,Erhvervsuddannelse
Marie Hansen,Kvinde,56,Afrikansk,Erhvervsuddannelse
Marco Okafor,Mand,45,Nordisk,Grundskole
Katrine Lorenzo,Kvinde,80,Afrikansk,Bachelor
Marie Hassan,Kvinde,64,Afrikansk,Grundskole
Lars Hassan,Mand,19,Mellemøstlig,Gymnasial
Marco Jensen,Mand,54,Nordisk,Grundskole
Amina Hassan,Kvinde,69,Afrikansk,Bachelor
Sofie Christensen,Kvinde,24,Afrikansk,Bachelor
Marie Nielsen,Kvinde,21,Afrikansk,Erhvervsuddannelse
Yusuf Mohamed,Mand,26,Sydeuropæisk,Grundskole
Yusuf Pedersen,Mand,34,Mellemøstlig,Gymnasial
Mikkel Christensen,Mand,49,Nordisk,Gymnasial
Marie Christensen,Kvinde,70,Nordisk,Gymnasial
Ida Hansen,Kvinde,37,Afrikansk,Bachelor
Peter Hansen,Mand,71,Sydeuropæisk,Erhvervsuddannelse
Katrine Jensen,Kvinde,42,Nordisk,Gymnasial
Peter Pedersen,Mand,52,Sydeuropæisk,Gymnasial
Peter Christensen,Mand,57,Nordisk,Gymnasial
Mikkel Christensen,Mand,39,Nordisk,Erhvervsuddannelse
Marie Christensen,Kvinde,45,Afrikansk,Grundskole
Katrine Ali,Kvinde,75,Sydeuropæisk,Grundskole
Katrine Hassan,Kvinde,56,Nordisk,Bachelor
Anna Mohamed,Kvinde,55,Nordisk,Erhvervsuddannelse
Ali Pedersen,Mand,60,Sydeuropæisk,Grundskole
Anders Ali,Mand,48,Afrikansk,Bachelor
Amina Okafor,Kvinde,28,Mellemøstlig,Bachelor
Anna Mohamed,Kvinde,63,Afrikansk,Gymnasial
Peter Ali,Mand,33,Nordisk,Erhvervsuddannelse
Elena Christensen,Kvinde,28,Afrikansk,Grundskole
Fatima Mohamed,Kvinde,39,Mellemøstlig,Bachelor
Anders Jensen,Mand,39,Sydeuropæisk,Bachelor
Amina Hassan,Kvinde,71,Nordisk,Gymnasial
Anna Pedersen,Kvinde,77,Sydeuropæisk,Grundskole
Leila Christensen,Kvinde,48,Nordisk,Erhvervsuddannelse
Fatima Jensen,Kvinde,32,Mellemøstlig,Gymnasial
Fatima Nielsen,Kvinde,25,Afrikansk,Erhvervsuddannelse
Sara Jensen,Kvinde,66,Mellemøstlig,Erhvervsuddannelse
Samuel Hansen,Mand,49,Sydeuropæisk,Erhvervsuddannelse
Fatima Christensen,Kvinde,70,Sydeuropæisk,Gymnasial
Jonas Hansen,Mand,65,Afrikansk,Erhvervsuddannelse
Lars Lorenzo,Mand,27,Sydeuropæisk,Grundskole
Anders Okafor,Mand,40,Afrikansk,Gymnasial
Peter Ali,Mand,66,Afrikansk,Bachelor
Katrine Okafor,Kvinde,69,Nordisk,Bachelor
Yusuf Nielsen,Mand,18,Sydeuropæisk,Gymnasial
Ida Pedersen,Kvinde,65,Mellemøstlig,Erhvervsuddannelse
Katrine Lorenzo,Kvinde,44,Sydeuropæisk,Bachelor
Marie Mohamed,Kvinde,18,Sydeuropæisk,Grundskole
Mikkel Christensen,Mand,78,Sydeuropæisk,Gymnasial
Lars Pedersen,Mand,19,Afrikansk,Bachelor
Marco Christensen,Mand,79,Afrikansk,Grundskole
Peter Christensen,Mand,22,Nordisk,Erhvervsuddannelse
Samuel Christensen,Mand,47,Sydeuropæisk,Gymnasial
Ali Okafor,Mand,56,Mellemøstlig,Erhvervsuddannelse
Katrine Lorenzo,Kvinde,52,Mellemøstlig,Grundskole
Lars Nielsen,Mand,61,Sydeuropæisk,Grundskole
Fatima Mohamed,Kvinde,51,Nordisk,Erhvervsuddannelse
Sofie Okafor,Kvinde,64,Nordisk,Grundskole
Sara Mohamed,Kvinde,61,Nordisk,Erhvervsuddannelse
Marco Hansen,Mand,18,Afrikansk,Grundskole
Peter Hassan,Mand,27,Afrikansk,Grundskole
Emil Okafor,Mand,38,Mellemøstlig,Gymnasial
Ida Okafor,Kvinde,30,Mellemøstlig,Gymnasial
Mikkel Nielsen,Mand,80,Afrikansk,Erhvervsuddannelse
Marco Hansen,Mand,38,Afrikansk,Erhvervsuddannelse
Samuel Hassan,Mand,37,Mellemøstlig,Grundskole
Sara Ali,Kvinde,52,Afrikansk,Erhvervsuddannelse
Samuel Nielsen,Mand,50,Afrikansk,Erhvervsuddannelse
Anders Mohamed,Mand,65,Sydeuropæisk,Gymnasial
Lars Pedersen,Mand,54,Mellemøstlig,Gymnasial
Sara Christensen,Kvinde,62,Mellemøstlig,Bachelor
Anders Pedersen,Mand,31,Afrikansk,Erhvervsuddannelse
Yusuf Mohamed,Mand,44,Sydeuropæisk,Bachelor
Peter Okafor,Mand,34,Sydeuropæisk,Bachelor
Mikkel Mohamed,Mand,59,Afrikansk,Erhvervsuddannelse
Amina Ali,Kvinde,78,Mellemøstlig,Erhvervsuddannelse
Yusuf Okafor,Mand,20,Nordisk,Erhvervsuddannelse
Ali Hansen,Mand,25,Mellemøstlig,Bachelor
Lars Nielsen,Mand,68,Nordisk,Bachelor
Elena Christensen,Kvinde,39,Mellemøstlig,Bachelor
Fatima Hansen,Kvinde,55,Afrikansk,Grundskole
Samuel Hassan,Mand,78,Sydeuropæisk,Erhvervsuddannelse
Anders Pedersen,Mand,23,Sydeuropæisk,Erhvervsuddannelse
Marie Pedersen,Kvinde,25,Afrikansk,Gymnasial
Ida Jensen,Kvinde,46,Nordisk,Gymnasial
Yusuf Christensen,Mand,38,Sydeuropæisk,Gymnasial
Emil Mohamed,Mand,61,Nordisk,Grundskole
Samuel Ali,Mand,44,Mellemøstlig,Bachelor
Jonas Lorenzo,Mand,57,Afrikansk,Bachelor
Anders Okafor,Mand,57,Mellemøstlig,Erhvervsuddannelse
Peter Jensen,Mand,49,Afrikansk,Grundskole
Anna Okafor,Kvinde,64,Mellemøstlig,Erhvervsuddannelse
Anders Jensen,Mand,55,Mellemøstlig,Erhvervsuddannelse
Ali Mohamed,Mand,31,Nordisk,Grundskole
Sara Lorenzo,Kvinde,47,Afrikansk,Gymnasial
Peter Pedersen,Mand,55,Afrikansk,Gymnasial
Fatima Christensen,Kvinde,76,Afrikansk,Bachelor
Katrine Pedersen,Kvinde,26,Sydeuropæisk,Bachelor
Sofie Nielsen,Kvinde,73,Sydeuropæisk,Erhvervsuddannelse
Sofie Hassan,Kvinde,56,Nordisk,Gymnasial
Sara Hassan,Kvinde,50,Mellemøstlig,Erhvervsuddannelse
Sofie Christensen,Kvinde,63,Sydeuropæisk,Gymnasial
Ida Okafor,Kvinde,40,Sydeuropæisk,Bachelor
Elena Hansen,Kvinde,35,Afrikansk,Erhvervsuddannelse
Leila Okafor,Kvinde,20,Sydeuropæisk,Erhvervsuddannelse
Ida Pedersen,Kvinde,50,Nordisk,Grundskole
Ali Christensen,Mand,28,Mellemøstlig,Grundskole
Amina Mohamed,Kvinde,60,Afrikansk,Erhvervsuddannelse
Elena Hassan,Kvinde,45,Sydeuropæisk,Erhvervsuddannelse
Katrine Lorenzo,Kvinde,25,Mellemøstlig,Bachelor
Sofie Mohamed,Kvinde,45,Afrikansk,Erhvervsuddannelse
Leila Pedersen,Kvinde,25,Mellemøstlig,Erhvervsuddannelse
Jonas Hansen,Mand,51,Afrikansk,Erhvervsuddannelse
Emil Jensen,Mand,64,Afrikansk,Erhvervsuddannelse
Anders Okafor,Mand,37,Afrikansk,Erhvervsuddannelse
Sara Hassan,Kvinde,69,Mellemøstlig,Bachelor
Marie Hassan,Kvinde,28,Afrikansk,Gymnasial
Katrine Nielsen,Kvinde,47,Sydeuropæisk,Bachelor
Ali Lorenzo,Mand,19,Afrikansk,Grundskole
Amina Christensen,Kvinde,59,Sydeuropæisk,Gymnasial
Fatima Ali,Kvinde,29,Sydeuropæisk,Erhvervsuddannelse
Anna Christensen,Kvinde,32,Nordisk,Gymnasial
Sara Ali,Kvinde,68,Sydeuropæisk,Erhvervsuddannelse
Emil Nielsen,Mand,52,Mellemøstlig,Grundskole
Leila Lorenzo,Kvinde,35,Mellemøstlig,Erhvervsuddannelse
Jonas Lorenzo,Mand,39,Nordisk,Bachelor
Marco Lorenzo,Mand,31,Nordisk,Bachelor
Mikkel Jensen,Mand,42,Mellemøstlig,Grundskole
Marie Hansen,Kvinde,44,Nordisk,Gymnasial
Yusuf Hansen,Mand,44,Sydeuropæisk,Erhvervsuddannelse
Amina Hansen,Kvinde,78,Mellemøstlig,Gymnasial
Amina Pedersen,Kvinde,65,Afrikansk,Gymnasial
Emil Pedersen,Mand,32,Nordisk,Grundskole
Fatima Nielsen,Kvinde,40,Nordisk,Gymnasial
Lars Ali,Mand,62,Sydeuropæisk,Bachelor
Sofie Ali,Kvinde,77,Sydeuropæisk,Erhvervsuddannelse
Anders Okafor,Mand,53,Mellemøstlig,Bachelor
Anders Hassan,Mand,69,Nordisk,Erhvervsuddannelse
Ida Hansen,Kvinde,29,Sydeuropæisk,Bachelor
Anders Mohamed,Mand,34,Sydeuropæisk,Gymnasial
Amina Nielsen,Kvinde,72,Nordisk,Bachelor
Sofie Mohamed,Kvinde,60,Sydeuropæisk,Gymnasial
Ida Hassan,Kvinde,72,Sydeuropæisk,Gymnasial
Amina Hansen,Kvinde,27,Sydeuropæisk,Erhvervsuddannelse
Amina Mohamed,Kvinde,30,Sydeuropæisk,Grundskole
Katrine Jensen,Kvinde,65,Afrikansk,Bachelor
Marie Hassan,Kvinde,79,Afrikansk,Bachelor
Emil Jensen,Mand,51,Afrikansk,Bachelor
Lars Nielsen,Mand,23,Afrikansk,Erhvervsuddannelse
Samuel Hansen,Mand,48,Sydeuropæisk,Grundskole
Katrine Jensen,Kvinde,42,Nordisk,Grundskole
Sara Lorenzo,Kvinde,56,Afrikansk,Grundskole
Marie Lorenzo,Kvinde,65,Mellemøstlig,Gymnasial
Jonas Nielsen,Mand,66,Sydeuropæisk,Grundskole
Samuel Mohamed,Mand,37,Nordisk,Erhvervsuddannelse
Elena Hansen,Kvinde,71,Sydeuropæisk,Gymnasial
Amina Ali,Kvinde,68,Mellemøstlig,Grundskole
Sofie Nielsen,Kvinde,43,Afrikansk,Gymnasial
Sara Ali,Kvinde,65,Sydeuropæisk,Grundskole
Ali Nielsen,Mand,70,Afrikansk,Gymnasial
Amina Nielsen,Kvinde,63,Sydeuropæisk,Erhvervsuddannelse
Ida Ali,Kvinde,74,Mellemøstlig,Bachelor
Yusuf Jensen,Mand,48,Afrikansk,Erhvervsuddannelse
Sofie Lorenzo,Kvinde,70,Afrikansk,Erhvervsuddannelse
Marie Ali,Kvinde,60,Sydeuropæisk,Bachelor
Sofie Mohamed,Kvinde,44,Mellemøstlig,Grundskole
Fatima Nielsen,Kvinde,39,Sydeuropæisk,Erhvervsuddannelse
Anders Hansen,Mand,71,Nordisk,Gymnasial
Marco Pedersen,Mand,74,Afrikansk,Grundskole
Emil Ali,Mand,44,Sydeuropæisk,Bachelor
Anna Jensen,Kvinde,71,Nordisk,Grundskole
Marie Okafor,Kvinde,42,Afrikansk,Grundskole
